{
  "version": 1,
  "author": "Agym Mahaputra Romy Barlianta",
  "editor": "wokwi",
  "parts": [
    { "type": "wokwi-arduino-uno", "id": "uno", "top": 121.3, "left": -17.73, "attrs": {} },
    {
      "type": "wokwi-dht22",
      "id": "dht1",
      "top": -66.37,
      "left": -93.23,
      "attrs": { "temperature": "9.6" }
    },
    { "type": "wokwi-lcd1602", "id": "lcd1", "top": -90.63, "left": 106.42, "attrs": {} },
    {
      "type": "wokwi-resistor",
      "id": "r1",
      "top": 55.74,
      "left": 292.62,
      "attrs": { "value": "1000" }
    }
  ],
  "connections": [
    [ "dht1:GND", "uno:GND.1", "black", [ "v30.53", "h143.51" ] ],
    [ "dht1:VCC", "uno:5V", "red", [ "v297.35", "h227.23" ] ],
    [ "dht1:SDA", "uno:7", "green", [ "v48.26", "h238.15" ] ],
    [ "lcd1:VSS", "uno:GND.1", "black", [ "v28.46", "h-46.67" ] ],
    [ "lcd1:K", "uno:GND.1", "black", [ "v29.39", "h-185.07" ] ],
    [ "lcd1:VDD", "uno:5V", "red", [ "v19.25", "h-178.64", "v284.61", "h171.03" ] ],
    [ "r1:1", "lcd1:A", "green", [ "v1.38", "h-22.14" ] ],
    [ "r1:2", "uno:5V", "red", [ "v278.15", "h-211.7" ] ],
    [ "lcd1:D7", "uno:6", "green", [ "v58.16", "h-77.26" ] ],
    [ "lcd1:D6", "uno:8", "green", [ "v41.93", "h-94.15" ] ],
    [ "lcd1:D5", "uno:9", "green", [ "v28.73", "h-86.68" ] ],
    [ "lcd1:D4", "uno:10", "green", [ "v36.85", "h-99.51" ] ],
    [ "lcd1:E", "uno:11", "green", [ "v67.3", "h-60.64" ] ],
    [ "lcd1:RW", "uno:GND.1", "black", [ "v27.72", "h-78.54" ] ],
    [ "lcd1:RS", "uno:12", "green", [ "v49.03", "h-46.21" ] ]
  ]
}